<?xml version="1.0" encoding="UTF-8"?>
<configurationDescriptor version="95">
  <logicalFolder name="root" displayName="root" projectFiles="true" kind="ROOT">
    <logicalFolder name="SourceFiles" displayName="Source Files" projectFiles="true">
      <itemPath>cell_prices.cpp</itemPath>
      <logicalFolder name="include" displayName="include" projectFiles="true">
        <itemPath>include/customer.hpp</itemPath>
        <itemPath>include/premium_customer.hpp</itemPath>
      </logicalFolder>
    </logicalFolder>
    <logicalFolder name="ExternalFiles" displayName="Important Files" projectFiles="false" kind="IMPORTANT_FILES_FOLDER">
      <itemPath>Makefile</itemPath>
    </logicalFolder>
  </logicalFolder>
  <sourceRootList>
    <Elem>.</Elem>
  </sourceRootList>
  <projectmakefile>Makefile</projectmakefile>
  <confs>
    <conf name="debug" type="1">
      <toolsSet>
        <remote-sources-mode>LOCAL_SOURCES</remote-sources-mode>
        <compilerSet>default</compilerSet>
        <dependencyChecking>true</dependencyChecking>
        <rebuildPropChanged>false</rebuildPropChanged>
      </toolsSet>
      <compileType>
        <cTool>
          <incDir>
          </incDir>
          <preprocessorList>
            <Elem>DEBUG</Elem>
          </preprocessorList>
          <commandLine>-g -std=c++11</commandLine>
        </cTool>
        <ccTool>
          <incDir>
          </incDir>
          <preprocessorList>
            <Elem>DEBUG</Elem>
          </preprocessorList>
          <commandLine>-MMD -MP -g -std=c++11</commandLine>
        </ccTool>
        <linkerTool>
          <linkerAddLib>
          </linkerAddLib>
          <linkerLibItems>
          </linkerLibItems>
          <commandLine></commandLine>
          <output>bin/Debug/CellPrices</output>
        </linkerTool>
      </compileType>
      <item path="cell_prices.cpp" ex="false" tool="1" flavor2="0"></item>
      <item path="include/customer.hpp" ex="false" tool="3" flavor2="0"></item>
      <item path="include/premium_customer.hpp" ex="false" tool="3" flavor2="0"></item>
    </conf>
    <conf name="release" type="1">
      <toolsSet>
        <remote-sources-mode>LOCAL_SOURCES</remote-sources-mode>
        <compilerSet>default</compilerSet>
        <dependencyChecking>true</dependencyChecking>
        <rebuildPropChanged>false</rebuildPropChanged>
      </toolsSet>
      <compileType>
        <cTool>
          <incDir>
          </incDir>
          <preprocessorList>
            <Elem>NDEBUG</Elem>
          </preprocessorList>
          <commandLine>-std=c++11</commandLine>
        </cTool>
        <ccTool>
          <incDir>
          </incDir>
          <preprocessorList>
            <Elem>NDEBUG</Elem>
          </preprocessorList>
          <commandLine>-MMD -MP -std=c++11</commandLine>
        </ccTool>
        <linkerTool>
          <linkerAddLib>
          </linkerAddLib>
          <linkerLibItems>
          </linkerLibItems>
          <commandLine>-s</commandLine>
          <output>bin/Release/CellPrices</output>
        </linkerTool>
      </compileType>
      <item path="cell_prices.cpp" ex="false" tool="1" flavor2="0"></item>
      <item path="include/customer.hpp" ex="false" tool="3" flavor2="0"></item>
      <item path="include/premium_customer.hpp" ex="false" tool="3" flavor2="0"></item>
    </conf>
  </confs>
</configurationDescriptor>