<?xml version="1.0" encoding="UTF-8"?>
<project xmlns="http://www.netbeans.org/ns/project/1">
  <type>org.netbeans.modules.cnd.makeproject</type>
  <configuration>
    <data xmlns="http://www.netbeans.org/ns/make-project/1">
      <name>CellPrices</name>
      <c-extensions>c</c-extensions>
      <cpp-extensions>cpp,cxx,cc</cpp-extensions>
      <header-extensions>h,hpp,hxx,hh</header-extensions>
      <sourceEncoding>UTF-8</sourceEncoding>
      <make-dep-projects/>
      <sourceRootList>
        <sourceRootElem>.</sourceRootElem>
      </sourceRootList>
      <confList>
        <confElem>
          <name>debug</name>
          <type>1</type>
        </confElem>
        <confElem>
          <name>release</name>
          <type>1</type>
        </confElem>
      </confList>
      <formatting>
        <project-formatting-style>false</project-formatting-style>
      </formatting>
    </data>
  </configuration>
</project>